customer_id,probability
6815,0.3884399
27914,0.40158597
31385,0.3136868
38084,0.5328971
78659,0.27389857
85327,0.28463402
85635,0.2898358
168767,0.46756428
172390,0.5044095
186730,0.55231744
279454,0.520754
302489,0.37261596
312146,0.3785811
461627,0.2870018
493506,0.6309534
498222,0.3032086
516081,0.5141881
544719,0.5957943
570018,0.61306155
603086,0.445528
610375,0.29138076
611788,0.39144745
621247,0.34163147
630248,0.34784362
701335,0.60770774
750056,0.36604583
760558,0.5161807
775341,0.5063063
784488,0.40149683
815836,0.44209063
824085,0.40929174
867851,0.43739474
890531,0.57726634
904122,0.56606954
927818,0.4472295
938354,0.5050317
954126,0.33571327
984867,0.31478873
987798,0.41109037
1013552,0.50384295
1020634,0.45577782
1029705,0.513751
1099483,0.39807844
1133595,0.34616047
1136140,0.51101315
1217764,0.36021996
1230741,0.57475775
1256938,0.33545056
1291480,0.45334467
1298146,0.49689034
1336622,0.5322822
1377061,0.31441602
1508066,0.5587365
1541259,0.3369011
1562005,0.6871394
1567291,0.42118913
1568833,0.33796507
1626561,0.54078084
1643831,0.47741845
1645333,0.4699495
1691972,0.576117
1701585,0.4324819
1716098,0.37680408
1747033,0.30921835
1748625,0.37851784
1764918,0.58682036
1798485,0.6373161
1804650,0.35362014
1810386,0.3148551
1929883,0.34175518
1936060,0.487748
1988154,0.31576613
1994043,0.5030444
2130072,0.5009317
2151916,0.32134807
2173974,0.5215021
2219074,0.37171534
2317888,0.37171534
2354592,0.46276337
2420841,0.3384842
2426906,0.5321458
2444292,0.3210723
2467346,0.32656875
2569589,0.48126152
2611958,0.37319222
2649097,0.33365715
2673490,0.51488495
2680117,0.45313534
2684078,0.5207864
2692812,0.6317843
2702587,0.39170688
2705672,0.4320538
2741822,0.508045
2750594,0.34366807
2775006,0.42549825
2777285,0.5590591
2787811,0.33605543
2790265,0.46126908
2852393,0.4781111
2925124,0.5925326
2946788,0.4883491
2950983,0.26870188
2992932,0.39758724
3031425,0.554301
3075545,0.4489041
3082002,0.31776524
3093845,0.5959381
3141788,0.3051883
3156819,0.2889411
3202482,0.4140351
3241242,0.48218456
3260907,0.33875418
3316837,0.47458023
3321077,0.5030792
3323243,0.506061
3332843,0.48436764
3356075,0.49655485
3357959,0.3562127
3363940,0.36773968
3440764,0.37570956
3453773,0.66942704
3501340,0.39669448
3528539,0.5242083
3539993,0.3695725
3605631,0.74543434
3618976,0.35044205
3690249,0.45370746
3707746,0.32490084
3719119,0.33820274
3729674,0.6987084
3741760,0.54019636
3743929,0.4903868
3750128,0.45066407
3788060,0.4005027
3854679,0.36229116
3857377,0.43145496
3902265,0.27676007
3918071,0.34597614
3931715,0.49871513
3951882,0.32069778
4015488,0.37681246
4077097,0.5887054
4078534,0.5620716
4093894,0.3326538
4181983,0.5719163
4243994,0.47584692
4286902,0.29803225
4303845,0.50485665
4309953,0.37724152
4314113,0.56196207
4395772,0.5706245
4415650,0.42514598
4543137,0.4990847
4610275,0.39758724
4612839,0.53259957
4618247,0.43395486
4631488,0.3651537
4638377,0.5022534
4662805,0.5193937
4681159,0.52836007
4690246,0.46648192
4707466,0.5491191
4725454,0.39039278
4730614,0.48968548
4736715,0.36505488
4740895,0.3449527
4747261,0.42273006
4829848,0.33151963
4840730,0.34865937
4895767,0.45165232
4896321,0.4634385
4904693,0.6390961
4913258,0.342241
5003413,0.38877004
5010022,0.33303702
5030826,0.75274783
5038906,0.5225276
5063900,0.42589894
5079103,0.49231312
5080512,0.34083578
5102946,0.436234
5115320,0.58359236
5128692,0.27126384
5129634,0.48805663
5179705,0.47856948
5191421,0.48163202
5222307,0.64337516
5234323,0.45303822
5249686,0.61263835
5253697,0.37429613
5285278,0.53106564
5288179,0.4458779
5301525,0.39164644
5308727,0.65827364
5351670,0.5940018
5353298,0.60017365
5360260,0.44759905
5377646,0.38635758
5413522,0.3065807
5437224,0.5988835
5442432,0.30063352
5466673,0.3852104
5471887,0.41648307
5509085,0.58212453
5522306,0.31198052
5529000,0.47116393
5534381,0.50289077
5542063,0.47367543
5546147,0.66760945
5591410,0.5744294
5593463,0.5080167
5595865,0.39444032
5620816,0.35208526
5650565,0.4028188
5680412,0.4314701
5684340,0.42359293
5712129,0.6213767
5728776,0.32706335
5812748,0.33854616
5813739,0.5253644
5873100,0.3292692
5904549,0.39758724
5917074,0.41170508
5932512,0.37743264
5947256,0.40742505
5962572,0.40110263
5963521,0.391744
5979147,0.4864474
5987772,0.36090973
6022714,0.2962251
6028275,0.5699231
6057858,0.31721428
6070760,0.43157297
6095580,0.40628025
6128165,0.32623398
6168444,0.3632955
6180127,0.31073695
6201435,0.38579056
6229170,0.3044085
6230637,0.5249491
6237240,0.49928612
6260068,0.43572423
6263636,0.40867084
6297061,0.71388996
6299035,0.36223894
6342326,0.35971487
6419331,0.44627824
6506523,0.43255785
6512034,0.5682846
6563583,0.44482955
6693917,0.37628978
6740969,0.4473002
6743603,0.4725083
6777272,0.58046126
6781439,0.582609
6802435,0.36115313
6808459,0.6271156
6812280,0.39525637
6833739,0.45183432
6912082,0.31198618
6959386,0.3069986
6967729,0.49856812
6987246,0.37315592
6992283,0.43844947
7031302,0.35135832
7036054,0.5390717
7042491,0.50769323
7050763,0.3354283
7054459,0.64149314
7063514,0.5501531
7154063,0.49585357
7176009,0.48659298
7190640,0.38702723
7259712,0.31837124
7260407,0.3624836
7274248,0.34951764
7277718,0.48843923
7286014,0.31176177
7334738,0.3726674
7417224,0.32620066
7443671,0.40708348
7468632,0.35181046
7481941,0.39793745
7515266,0.34391278
7529955,0.3306674
7643575,0.43613416
7738852,0.42036387
7802693,0.3542791
7825000,0.5042527
7928829,0.33129126
7941670,0.3208971
7992478,0.49857524
8005009,0.54360646
8014460,0.41250542
8039667,0.29056525
8039989,0.5302869
8057640,0.39870876
8117702,0.28310788
8147226,0.35953334
8180711,0.59012395
8232432,0.32594228
8242368,0.44336605
8251225,0.37294742
8260849,0.41546857
8269375,0.36783126
8311063,0.30469847
8318445,0.4784443
8320225,0.39786583
8411774,0.5477257
8495915,0.5522026
8508392,0.38681176
8572281,0.46932805
8605057,0.35579672
8610584,0.4388846
8632843,0.48434055
8673276,0.4139463
8682085,0.6029479
8685331,0.471654
8785015,0.2822067
8806206,0.59032327
8822658,0.49628064
8836504,0.57903653
8890644,0.28177014
8958297,0.396142
9018309,0.40037563
9054088,0.35034314
9074485,0.4037013
9085668,0.43615848
9093576,0.36156234
9094483,0.35030034
9099643,0.42353395
9149677,0.42441064
9184053,0.58523077
9185026,0.31074548
9211054,0.40907195
9256099,0.32045698
9305819,0.52378106
9363087,0.7166543
9373238,0.39823344
9384247,0.36427698
9398001,0.42323503
9416660,0.2810411
9435622,0.33182853
9659665,0.41486055
9672790,0.4324763
9688107,0.5601351
9700419,0.3706816
9807993,0.45139393
9841413,0.64752394
9863722,0.50875676
9871840,0.31537145
9894840,0.37582326
9899289,0.471518
9906759,0.28961313
9962760,0.67023665
9992069,0.7658998
10005741,0.3901406
10011328,0.5529449
10014090,0.3418767
10018695,0.31799027
10023080,0.39404732
10034284,0.49450478
10067396,0.41008177
10078312,0.59295624
10094853,0.40503606
10126330,0.33031
10179649,0.35598743
10252148,0.5462673
10257726,0.3597152
10280886,0.37271246
10304262,0.39582542
10334951,0.50148815
10403039,0.3821723
10464121,0.41662708
10476857,0.3314078
10519292,0.5485338
10524021,0.42359293
10598219,0.3351419
10682079,0.5030901
10685683,0.41602415
10690962,0.57489896
10696706,0.3914548
10722119,0.60869265
10727511,0.35008207
10759723,0.4484955
10774706,0.4661988
10888907,0.34406132
10909988,0.4214528
10915793,0.43541726
10967870,0.3951896
11073241,0.41007406
11094849,0.53228384
11123573,0.44289783
11142969,0.36267683
11143956,0.34125507
11234608,0.36676586
11259870,0.28663653
11327023,0.48620513
11349383,0.42909035
11365859,0.359553
11381668,0.5572913
11397041,0.636
11434701,0.4616649
11446286,0.46476203
11460051,0.37683737
11476779,0.45042968
11529524,0.45367914
11562634,0.36724263
11573006,0.40685162
11625700,0.4798236
11627763,0.52861476
11631304,0.4086182
11631823,0.3905183
11637315,0.51512474
11661664,0.31516138
11671863,0.54087615
11691762,0.5045105
11738678,0.575577
11765794,0.54140663
11777784,0.3616151
11851829,0.336663
11925955,0.5810804
11931236,0.33055353
11931380,0.35079488
11935430,0.4373743
12042186,0.45457122
12053904,0.4352019
12056620,0.3140233
12069120,0.38916206
12116728,0.41175094
12252020,0.3901017
12261215,0.51342416
12273634,0.37067673
12279093,0.7129005
12282192,0.52244365
12289409,0.40793106
12342280,0.39066708
12390619,0.34366426
12434084,0.33882186
12437618,0.5511922
12448845,0.33857962
12468790,0.2985216
12520991,0.45329157
12528382,0.39859876
12542015,0.5010265
12564682,0.3862342
12596291,0.37551787
12610287,0.37728354
12680585,0.54761046
12697220,0.35583398
12701940,0.28663653
12707826,0.3569355
12711646,0.45173874
12728902,0.40793106
12785195,0.3855869
12914769,0.528564
12925117,0.334232
12932872,0.43832657
12976812,0.44712353
12981242,0.3640818
12981808,0.38321316
13011786,0.43509758
13179575,0.3958431
13182172,0.37609735
13191753,0.29170552
13241753,0.36286992
13245340,0.31864837
13246133,0.41293582
13260220,0.42237255
13267878,0.3061035
13324952,0.43217176
13325805,0.3718053
13358704,0.41134304
13389616,0.5095316
13418393,0.4009728
13422613,0.40030158
13451353,0.51699466
13520040,0.3407824
13528851,0.5303577
13552331,0.5121731
13554236,0.3850833
13568964,0.48758572
13572234,0.30886063
13602205,0.35619798
13605073,0.59311783
13620003,0.583956
13637343,0.40913516
13659037,0.37898564
13670238,0.38478172
13672389,0.2852486
13734049,0.65224594
13751660,0.39440307
13825301,0.49572495
13868306,0.46059433
13872241,0.50784487
13888991,0.39758724
13889184,0.4109966
13910371,0.2981697
14101528,0.5080921
14143258,0.51170224
14154413,0.45514593
14166485,0.4749042
14178332,0.40111256
14180180,0.3542178
14221391,0.37276572
14248648,0.4437949
14267405,0.5334759
14330113,0.48244283
14331004,0.8015006
14353260,0.46421918
14382698,0.29675868
14409598,0.5534514
14444565,0.5032153
14454081,0.67431366
14476637,0.55470324
14551898,0.36871493
14602021,0.5153997
14630687,0.44013977
14656498,0.31537145
14682884,0.43199238
14711088,0.27828056
14736748,0.5308833
14739087,0.38229308
14866430,0.4505581
14872527,0.3752824
14875577,0.4885553
14892960,0.77539265
14937933,0.6295115
14953743,0.46124685
14980520,0.5519594
14988970,0.39441368
14990644,0.57922125
15004238,0.33670247
15031489,0.614144
15044221,0.30235767
15053840,0.58888644
15058566,0.42397043
15088828,0.37182796
15142137,0.39143464
15166647,0.30041716
15197816,0.46012384
15206594,0.34076488
15218842,0.349656
15282992,0.46332872
15283573,0.34728172
15325309,0.4407719
15413183,0.30535272
15458619,0.52643603
15496197,0.52301484
15510666,0.36879998
15515571,0.40687734
15577036,0.5583145
15577985,0.54379654
15590380,0.3409871
15598730,0.31483233
15600058,0.46425712
15604721,0.41534984
15611978,0.36298218
15626188,0.35808763
15626531,0.5227035
15729290,0.6869458
15767586,0.39405367
15826213,0.38152048
15836028,0.3770291
15836839,0.65634793
15841147,0.45944896
15847149,0.5774935
15856748,0.30136806
15867759,0.5375258
15894791,0.38007075
15926722,0.49193087
15956854,0.32025862
15964289,0.28967753
16048969,0.45642105
16049334,0.584972
16057697,0.35699126
16089461,0.5283106
16198741,0.81377685
16213543,0.4238998
16253417,0.30949825
16274002,0.65204746
16295869,0.4186273
16359236,0.5553564
16371796,0.34321755
16392564,0.41714212
16393345,0.29226324
16395398,0.43587193
16395910,0.48433867
16419087,0.3486718
16454787,0.4085783
16462973,0.5173138
16505024,0.5132131
16527738,0.7245904
16563089,0.45110852
16563768,0.44406557
16568750,0.3858116
16579578,0.50441045
16585493,0.36183688
16588270,0.44929302
16604678,0.37750193
16617908,0.34330666
16622470,0.3146431
16634239,0.52890027
16697632,0.35204953
16744894,0.4804024
16745983,0.49687386
16768663,0.3424449
16843415,0.34279114
16862454,0.3536909
16938566,0.4647695
16967590,0.49828476
17090426,0.4219715
17095064,0.39807555
17096335,0.6432283
17096973,0.42458397
17113299,0.42970747
17120363,0.33524615
17120770,0.51002836
17166860,0.3707971
17168015,0.3125833
17171316,0.355718
17173846,0.44083348
17260193,0.415565
17292612,0.85443544
17302287,0.29825985
17306217,0.37540755
17340837,0.33279747
17392669,0.3094904
17396832,0.37952352
17422997,0.33349746
17447144,0.74348754
17459382,0.28663653
17576256,0.39353696
17580250,0.49177182
17589274,0.36559302
17661325,0.39012846
17703557,0.57533306
17703907,0.37877676
17737985,0.46015963
17750079,0.65793717
17755070,0.44404784
17761745,0.36498392
17774807,0.67475414
17832283,0.45932755
17859769,0.3119622
17880785,0.6326451
17888939,0.35868615
17899884,0.4705139
17908138,0.4303033
17914429,0.43515822
17958840,0.28714538
17979664,0.43247104
18000572,0.38491085
18029928,0.3953731
18032393,0.37136716
18126138,0.46427998
18152172,0.53542566
18213223,0.2874414
18213962,0.50711024
18230930,0.34278604
18256987,0.38993537
18263937,0.4824783
18293426,0.27317336
18321497,0.54964286
18344091,0.5481295
18348644,0.39124545
18366978,0.6150021
18454528,0.5921492
18470346,0.46527454
18488176,0.4747174
18501812,0.49253172
18528564,0.46904367
18562357,0.29265192
18571719,0.45384815
18746693,0.6041995
18798580,0.3627355
18812819,0.52289724
18877330,0.3554777
18879570,0.47320324
18904103,0.5014158
18935419,0.33057442
18935754,0.44848016
18965515,0.40465984
19006787,0.37470773
19031983,0.42842793
19061005,0.73235524
19101727,0.36285618
19110007,0.40471566
19239257,0.5742991
19261311,0.46693918
19282673,0.5696308
19345776,0.534242
19375709,0.42359293
19380379,0.5699983
19404141,0.3108897
19425991,0.511101
19438089,0.6640923
19621396,0.55431473
19624198,0.36279544
19633697,0.31291646
19635150,0.30953714
19644719,0.5188526
19652861,0.55842507
19711526,0.52238274
19718389,0.32621008
19769561,0.37145433
19805868,0.35306582
19837712,0.43378603
19860515,0.30802828
19886336,0.39333576
19903269,0.45528
19922031,0.29542467
19954875,0.6669514
19968378,0.53555286
20018771,0.41429058
20081482,0.45367914
20083809,0.48912436
20160829,0.42764145
20161090,0.3891583
20172188,0.45001605
20172819,0.6215724
20190882,0.3122874
20200542,0.32952672
20200583,0.43747982
20244690,0.4750527
20254708,0.3760006
20266038,0.39283085
20297899,0.40816593
20320139,0.5342831
20352822,0.3674826
20357009,0.38225633
20358875,0.30731204
20366336,0.37145472
20370696,0.5385427
20371922,0.32912287
20381429,0.651972
20387931,0.56103224
20391178,0.49318412
20467257,0.5721744
20524734,0.39643532
20539604,0.43415976
20580998,0.3147575
20614300,0.50686514
20636171,0.52271444
20645905,0.42507565
20646461,0.47313747
20698661,0.40926343
20784292,0.46785372
20789093,0.37911987
20795048,0.51197857
20852671,0.4969504
20881726,0.43605492
20910492,0.38423473
20931581,0.42894566
20962886,0.5211645
20963156,0.53555286
20977835,0.48709399
20984811,0.62798756
20993674,0.3714456
20995341,0.32745084
21002565,0.35067943
21019874,0.39771533
21077584,0.3795312
21143923,0.391744
21153587,0.335514
21215477,0.47859848
21227440,0.34992647
21248516,0.3616151
21262060,0.35699674
21275495,0.58234006
21328244,0.3707995
21330554,0.57494986
21335190,0.4592446
21396319,0.55248654
21489148,0.4243656
21493304,0.30575833
21512738,0.41047305
21527087,0.45887667
21632339,0.586365
21638159,0.31239522
21717419,0.41514543
21770327,0.3351028
21835349,0.40105778
21842478,0.45485398
21859319,0.31883836
21865414,0.3212522
21869965,0.41661537
21871084,0.51016736
21882934,0.52553695
21883222,0.54754394
21888387,0.5460824
21940747,0.46062082
21947799,0.31887573
21968868,0.4526176
22000295,0.506336
22061791,0.3473482
22147183,0.49843037
22161142,0.54947585
22162475,0.39285156
22179409,0.3615505
22199923,0.42591855
22203942,0.6045487
22235271,0.46808222
22242402,0.45838568
22255163,0.34915307
22331456,0.43433568
22333911,0.50336635
22338028,0.41461915
22364003,0.46128014
22407584,0.32690123
22435534,0.5299959
22490308,0.34123668
22490949,0.4774884
22544752,0.5384997
22576987,0.5804068
22617472,0.33193305
22665815,0.46408156
22669958,0.6968841
22687518,0.58515877
22688666,0.45304742
22739382,0.34636447
22756680,0.33527416
22771802,0.4343651
22772988,0.35822582
22787448,0.27779096
22850599,0.43025103
22986190,0.44110623
23014262,0.6302611
23015407,0.3001143
23030452,0.34366956
23031582,0.38951668
23060623,0.35351
23097908,0.513099
23160845,0.43818352
23175388,0.400576
23188180,0.31913155
23190416,0.3902637
23204999,0.53746504
23207606,0.40885213
23234918,0.46072277
23293291,0.44326794
23303521,0.43335766
23329206,0.68053555
23329654,0.35404274
23370346,0.35724363
23378995,0.5704671
23404507,0.3239379
23409492,0.30790082
23410682,0.4457384
23414531,0.40070674
23427716,0.35419407
23513295,0.3710049
23524823,0.37023115
23529792,0.3514511
23667900,0.53347635
23690961,0.35948572
23696398,0.47810382
23702730,0.3305255
23758146,0.5352357
23833911,0.38980553
23834826,0.49276102
23840539,0.31796014
23849001,0.3126146
23878723,0.35494953
23912204,0.46438053
23924835,0.5905596
23940292,0.44397083
23942860,0.45143595
23993168,0.36141512
23999534,0.5011975
24048165,0.54780465
24076035,0.518664
24076942,0.4710474
24105909,0.50554174
24114731,0.3396172
24119285,0.3981691
24133283,0.55055296
24140887,0.3608708
24186770,0.575582
24201843,0.52650845
24224910,0.67991525
24250698,0.53893757
24270279,0.48755068
24271809,0.38447773
24316154,0.49110547
24359783,0.5642782
24403379,0.5877627
24436367,0.5753486
24485988,0.3913498
24504312,0.3965273
24521666,0.3327961
24599321,0.42921737
24603771,0.44410476
24638488,0.47868675
24654877,0.47125238
24657317,0.5719702
24675050,0.43328664
24806693,0.58908343
24812943,0.4592446
24825702,0.5427807
24840888,0.36436692
24864601,0.2813034
24885229,0.37905997
24915105,0.41672295
24951191,0.62917715
24953128,0.52198935
24965506,0.7005077
24998223,0.3491486
25008534,0.5301635
25013975,0.2958659
25014745,0.44646415
25022645,0.39474893
25059462,0.515769
25060635,0.42318004
25063166,0.31387463
25075275,0.6998445
25092334,0.34122953
25174482,0.33924764
25203159,0.6031756
25227354,0.32055312
25252032,0.3645429
25270793,0.3931154
25290690,0.4425643
25311951,0.3658911
25365246,0.3642039
25377986,0.48359755
25382978,0.3725293
25439154,0.4318518
25445257,0.46862257
25446500,0.43779105
25533019,0.57755655
25533203,0.31239522
25537795,0.42010677
25588143,0.5087934
25607693,0.46552667
25607733,0.5091569
25726952,0.5136049
25734080,0.33221883
25773882,0.34481806
25793682,0.4634156
25826539,0.32208362
25850527,0.30355704
25850578,0.68797225
25867134,0.57176673
25935635,0.41618684
25979685,0.557176
25992960,0.5475251
26044859,0.7427936
26055781,0.46920213
26057697,0.5222235
26113070,0.40181544
26138847,0.45531198
26140894,0.36627585
26147466,0.34810883
26175533,0.41181305
26215041,0.4534209
26285318,0.535537
26314167,0.4221349
26340343,0.5410889
26342114,0.35101748
26348533,0.57213795
26358410,0.442048
26365005,0.45367914
26396464,0.4994086
26409535,0.62773085
26447342,0.41036785
26470034,0.34560803
26485301,0.33755523
26525546,0.49143565
26530363,0.46393955
26614582,0.34862345
26653245,0.3396172
26678456,0.5065234
26689827,0.57972044
26692453,0.4890825
26698770,0.36399916
26709486,0.6142667
26746693,0.32219645
26758611,0.34115803
26847647,0.6315116
26863470,0.35198653
26952117,0.45583275
26972587,0.5030048
26983288,0.3564611
27005693,0.574288
27015970,0.3675782
27048150,0.6402065
27071478,0.34920204
27087373,0.46201345
27133006,0.5472904
27147002,0.52678096
27149366,0.40265405
27151776,0.34951764
27222211,0.40228385
27233366,0.32413518
27248700,0.58606184
27255147,0.35513484
27264666,0.41073957
27282344,0.40661094
27322560,0.31462833
27328236,0.30425537
27338380,0.37369215
27428580,0.42457867
27445778,0.47458023
27558571,0.2956594
27583567,0.49996734
27589190,0.38312802
27591938,0.47458023
27592910,0.5136333
27686598,0.37581205
27747387,0.38535175
27821848,0.51674765
27911465,0.46278775
27966663,0.49689963
28008761,0.5365628
28014294,0.49354675
28035686,0.4775816
28051379,0.49481776
28057724,0.2912469
28074722,0.58998233
28081323,0.34355015
28112647,0.3380719
28118312,0.44264352
28168112,0.5723292
28212229,0.3987874
28257491,0.41214442
28336912,0.33066967
28339867,0.5338811
28396233,0.28216478
28400001,0.41288978
28423951,0.31696755
28434818,0.52212757
28444589,0.58180064
28463720,0.5021511
28551353,0.32045558
28557894,0.49204704
28564573,0.45954373
28565998,0.5735054
28606276,0.38346615
28725127,0.4763152
28759598,0.4648268
28781763,0.64298266
28783783,0.33922273
28786138,0.4605149
28818415,0.533488
28868771,0.4718129
28870141,0.29392564
28878220,0.34582764
28889897,0.5490983
28893182,0.4757274
28933074,0.41433975
28934622,0.32329273
28976550,0.55814743
28982398,0.6993463
29010981,0.44544104
29011261,0.3917866
29041434,0.40309435
29053196,0.46757585
29087330,0.35296968
29099060,0.3848787
29112408,0.4843098
29117858,0.46591076
29127439,0.3624437
29132189,0.3572885
29167135,0.36739346
29183544,0.4050633
29186944,0.47840348
29267573,0.31795543
29339434,0.39840966
29353035,0.6132729
29403638,0.35857806
29442850,0.3900309
29458021,0.56924033
29493830,0.35357362
29505771,0.35422727
29551787,0.35356808
29576425,0.5458233
29587179,0.36244124
29607953,0.49506137
29619922,0.50454074
29634031,0.36710456
29709918,0.34872288
29735778,0.43556342
29765684,0.4544677
29786897,0.64678186
29788602,0.5482017
29801711,0.5953315
29833434,0.37610027
29840382,0.556871
29854751,0.32370323
29865481,0.30090204
29894123,0.38423106
29898390,0.33637506
29940715,0.3869125
29967960,0.49036482
29973417,0.40721294
29983674,0.5298649
30001841,0.29849827
30006817,0.34691146
30079889,0.51666415
30085165,0.5278093
30111028,0.57034874
30125207,0.41854644
30141443,0.46961376
30168354,0.53031284
30172244,0.45974004
30195213,0.48465633
30264358,0.37441367
30283845,0.33071393
30285081,0.37758285
30341243,0.55310285
30430588,0.39024433
30439633,0.5434106
30457443,0.34060377
30490199,0.3724114
30506468,0.27317336
30560785,0.47484705
30644657,0.31331602
30697873,0.55313075
30699304,0.3029387
30755081,0.3163786
30831381,0.38610414
30834367,0.43002722
30840108,0.42583513
30844520,0.39758724
30848325,0.50356746
30876640,0.38417712
30921430,0.37734896
30938302,0.33731347
31003635,0.5197004
31044034,0.56377745
31069536,0.5488525
31100225,0.37171534
31151172,0.55936384
31156946,0.34288925
31177544,0.35389823
31183339,0.38380155
31205433,0.56660664
31208282,0.42625767
31240824,0.5184089
31267301,0.46119285
31279058,0.38359746
31295824,0.3938724
31301557,0.35511157
31306497,0.33354238
31311421,0.6423989
31330652,0.31222627
31333924,0.3783048
31340253,0.575577
31360931,0.40043312
31364323,0.5489379
31401636,0.33570337
31457538,0.6575919
31513070,0.6247498
31625291,0.40345687
31637135,0.45658326
31693859,0.3438636
31696857,0.6960305
31792501,0.5252457
31810428,0.6846406
31812869,0.39431998
31835145,0.52343845
31876837,0.35781342
31886314,0.2752597
31931874,0.44253945
32036499,0.37534097
32054308,0.53133965
32092292,0.38204744
32112130,0.53175557
32161745,0.69680184
32285354,0.27959168
32312405,0.36029282
32321307,0.33147216
32351128,0.36837748
32358446,0.52832985
32374506,0.4201673
32385319,0.40384257
32395275,0.58880776
32404954,0.4278339
32429624,0.5869278
32439129,0.33755338
32454609,0.467763
32469456,0.3896737
32508187,0.41335997
32522184,0.67062426
32531135,0.64369476
32555286,0.34655386
32581473,0.6773335
32616105,0.45548025
32621083,0.28463402
32629580,0.5184435
32632097,0.36976916
32633567,0.3288502
32634493,0.43405437
32645788,0.29752868
32704323,0.61480814
32713709,0.40349966
32731799,0.33940026
32859557,0.45593578
32894421,0.3084603
32960729,0.39315405
32976089,0.36143592
33014890,0.44049913
33026740,0.38580137
33050170,0.43335766
33164073,0.47259235
33175070,0.31074548
33247582,0.5270489
33342698,0.30162036
33343185,0.55030805
33363936,0.3834685
33387370,0.4020835
33393472,0.28372204
33419986,0.40520644
33460128,0.4429119
33467462,0.50317824
33529423,0.49258175
33535313,0.31723553
33536824,0.5980577
33576170,0.5652058
33648292,0.39483228
33666459,0.35681328
33732775,0.2889411
33734077,0.35913447
33953111,0.5647021
33966960,0.33367217
33972779,0.4971671
33973846,0.380418
34036744,0.3798501
34176319,0.5450912
34179937,0.57322925
34189519,0.43281767
34223624,0.33423185
34234802,0.6125878
34352632,0.42938703
34362299,0.34678373
34398747,0.57002085
34456298,0.59980273
34489466,0.39562038
34629057,0.3069821
34688933,0.301013
34691946,0.42989406
34715212,0.30707517
34756635,0.64677376
34787585,0.41837698
34806331,0.36185068
34852168,0.4537623
34860405,0.4625269
34866080,0.43890837
34924644,0.32657018
34954694,0.5166898
34964311,0.32894194
34988175,0.44748828
35005722,0.542733
35082187,0.518914
35138403,0.42359293
35172258,0.58239454
35184532,0.3616151
35247422,0.35876086
35307259,0.3548857
35319172,0.5177132
35359347,0.3103698
35414109,0.54555416
35448726,0.3733347
35492706,0.3217534
35511212,0.4734958
35516031,0.37610027
35549929,0.3814562
35553603,0.46436793
35624532,0.36632168
35643572,0.36579108
35650432,0.46951592
35663901,0.41117918
35709310,0.47714153
35759014,0.30642644
35803543,0.53237015
35822286,0.42610863
35845743,0.47374997
35849054,0.45283988
35858905,0.38412386
35866332,0.6158307
35868459,0.38491404
35905456,0.28885573
35941928,0.35683715
35953316,0.46626213
35972896,0.79039586
35991697,0.34047362
36035955,0.43840298
36092225,0.3355906
36092410,0.2956594
36117188,0.36911887
36153872,0.5647674
36162951,0.6526418
36187587,0.46201345
36305254,0.39767006
36458534,0.6032323
36482800,0.3297072
36502881,0.64606357
36517351,0.55957687
36555105,0.71374804
36557220,0.53982395
36564741,0.32428578
36592809,0.49226677
36619588,0.3589328
36623340,0.36427122
36659899,0.5550108
36661620,0.3535218
36671915,0.40139914
36701802,0.57713956
36713930,0.41121176
36759361,0.47699046
36775363,0.3126146
36837532,0.6513869
36865104,0.42375928
36881891,0.3956502
36951274,0.60643625
36953699,0.5854489
36953929,0.30510986
36964057,0.42642513
36973559,0.5736127
36981135,0.31176177
36992402,0.3234533
37096892,0.4869311
37156682,0.5645337
37172387,0.35002682
37177066,0.6236413
37245184,0.36732265
37257010,0.294766
37264362,0.39239764
37287632,0.36956486
37300700,0.41481534
37338139,0.30041128
37350713,0.47367394
37353898,0.42574695
37356584,0.44413438
37377974,0.57635397
37399762,0.5504695
37407799,0.42480555
37431906,0.5047709
37433974,0.44384685
37436581,0.5267285
37454994,0.28310788
37466831,0.3404624
37542561,0.6385072
37618982,0.30570036
37632574,0.34414062
37690416,0.27989876
37714083,0.4808397
37784855,0.47290924
37849382,0.5172779
37863592,0.39021298
37942288,0.33138737
37945354,0.45214882
37949420,0.53134084
38041857,0.36911887
38073232,0.45021552
38120939,0.3086162
38127370,0.48733994
38149474,0.5109921
38191730,0.29327706
38209893,0.46013817
38225348,0.641009
38251376,0.3113849
38506334,0.4973998
38598826,0.4226354
38634695,0.78996086
38648487,0.3270046
38657843,0.54453635
38659969,0.5177257
38685392,0.55317354
38688842,0.4372552
38689095,0.5335587
38691781,0.3787278
38738876,0.38942894
38809278,0.2979939
38819489,0.34787443
38880162,0.40028042
38928200,0.54546785
38946152,0.6644918
38971633,0.37854305
39015287,0.43236482
39156769,0.46250126
39170539,0.55173403
39171733,0.37907746
39186671,0.4343651
39189321,0.4673841
39214736,0.496961
39216943,0.3614657
39222949,0.48199537
39226483,0.33110756
39295714,0.34558308
39310095,0.50671387
39351532,0.36823493
39354399,0.3165204
39358235,0.4917437
39510774,0.57284814
39529801,0.37565637
39548937,0.3232618
39559389,0.35980076
39561022,0.43588242
39653282,0.31239522
39656203,0.44563523
39668351,0.45815623
39697437,0.34378037
39727926,0.30297303
39777595,0.59415716
39839813,0.5505817
39860986,0.3651537
39863485,0.4170605
39887047,0.39348754
39893238,0.42273006
39919267,0.29056525
39955603,0.4645566
40020227,0.36371672
40027989,0.37765536
40072019,0.50223625
40099421,0.51261616
40122429,0.50046885
40132925,0.52575445
40133287,0.5896064
40139325,0.5659462
40143664,0.48806316
40157852,0.56759876
40190777,0.30998516
40215179,0.700725
40282390,0.46570054
40289546,0.5174633
40295622,0.5957651
40340012,0.30030438
40383983,0.59025943
40400496,0.3908679
40425759,0.40038374
40492336,0.48948494
40493306,0.42558643
40495786,0.372568
40532686,0.32613328
40538394,0.43734756
40544411,0.3258775
40595641,0.6429271
40659220,0.39591706
40676839,0.6554488
40703171,0.5363179
40746179,0.28043655
40758429,0.3521112
40831123,0.3630765
40864017,0.61557764
40949707,0.3171695
40979729,0.5538448
40996596,0.45420203
41077349,0.31653556
41089888,0.29640183
41115094,0.36409566
41214068,0.3613557
41218578,0.693377
41220999,0.37879452
41289120,0.5130211
41313766,0.3885935
41326260,0.34148735
41359098,0.5182096
41391145,0.5348989
41393715,0.32132414
41439986,0.40200534
41452342,0.31001392
41473142,0.44170794
41564128,0.36618268
41602678,0.47950202
41629286,0.3277327
41665012,0.42691317
41708415,0.54391855
41764042,0.3919981
41846184,0.31725407
41867930,0.32504627
41880269,0.80520517
41904626,0.47729367
41945496,0.4696444
41965418,0.38193902
41967614,0.5848958
42018297,0.5719057
42024119,0.47112125
42036396,0.42949915
42065452,0.30374348
42073636,0.5028931
42118302,0.41451475
42121332,0.4723635
42145298,0.45766202
42212106,0.6154713
42224807,0.4298646
42235367,0.42369416
42316195,0.41335997
42348677,0.5372313
42358512,0.36520657
42393167,0.32882616
42426678,0.558426
42445381,0.60608923
42450881,0.4344555
42472185,0.4816568
42535898,0.44083312
42571629,0.3229796
42577027,0.29056525
42583209,0.36970967
42640091,0.5431364
42641019,0.47263506
42689265,0.45367914
42712944,0.5823203
42828657,0.58786386
42840212,0.5726723
42860196,0.44393396
42896093,0.6576142
42911253,0.4871027
42947433,0.38060275
43021002,0.59536415
43030014,0.45375124
43035727,0.40518177
43045074,0.3534625
43046245,0.5236174
43074437,0.27993745
43100750,0.50781316
43124703,0.44016472
43175913,0.51649296
43184017,0.35517275
43192812,0.2920063
43214130,0.4430452
43243495,0.49345705
43280099,0.52520466
43300058,0.43606043
43325162,0.5788511
43346854,0.48555267
43433125,0.5642782
43453996,0.3852649
43467285,0.30529484
43506003,0.49522457
43506939,0.41601858
43556246,0.44115323
43633440,0.3219233
43669023,0.5487581
43730931,0.33084196
43751504,0.5227213
43753351,0.3616151
43801606,0.4756864
43801813,0.49207366
43806960,0.35588148
43821173,0.39451474
43835016,0.37637824
43869219,0.45109755
43907938,0.31795186
43916963,0.37166688
43918581,0.4628166
43941597,0.44922858
43957579,0.6006875
43962104,0.47564596
43968005,0.33727172
43985545,0.31887573
44029891,0.3937344
44060212,0.5414206
44103933,0.38541558
44124299,0.43064395
44130839,0.36771503
44160245,0.56042856
44199037,0.5365364
44199795,0.53368825
44274164,0.47050852
44284908,0.48546746
44319799,0.33286524
44325600,0.4227099
44416819,0.46314254
44455642,0.41722322
44464397,0.5817905
44466557,0.47385705
44495229,0.5705908
44515592,0.3450953
44521922,0.36722997
44570920,0.6597323
44581567,0.37565637
44593028,0.42369336
44632666,0.41917917
44632825,0.5182848
44662423,0.58912754
44666684,0.5082176
44680427,0.2989368
44708064,0.5441418
44714700,0.31966472
44733932,0.42043912
44758820,0.39531988
44771419,0.29984146
44772204,0.36972117
44829111,0.4013262
44859190,0.53333575
44865192,0.53343695
44900801,0.6159883
44933464,0.32733533
44953616,0.34258014
44982602,0.41724056
44995851,0.39980012
44995890,0.48622036
45082517,0.5136051
45114388,0.39283085
45173444,0.4015834
45203352,0.43021658
45211171,0.4198964
45225176,0.37299612
45339969,0.43481737
45340584,0.54446673
45348722,0.43021363
45427100,0.27019677
45431238,0.34535143
45459901,0.44473746
45482726,0.597598
45510423,0.37300962
45512022,0.39553234
45516707,0.48402068
45525762,0.29993898
45532887,0.3264678
45557459,0.70957077
45567492,0.37884086
45575726,0.42264137
45600604,0.30717945
45646491,0.47303063
45659157,0.47680566
45691735,0.34651187
45696212,0.34792298
45701606,0.4069447
45702843,0.5655843
45709137,0.3213227
45757089,0.3507453
45758154,0.43992907
45761613,0.5421238
45772959,0.4397099
45846624,0.3697937
45882698,0.33962312
45885513,0.30568445
45897442,0.4462469
45951692,0.7249065
45959906,0.5331309
45982409,0.411353
46037128,0.57912445
46062086,0.33538377
46074662,0.43832657
46110124,0.37450585
46134404,0.39344928
46134994,0.52065545
46142955,0.36367238
46148987,0.5937114
46217685,0.3358646
46259146,0.3969286
46270513,0.47237334
46314531,0.46759367
46354312,0.29327706
46355843,0.37737554
46366568,0.5355263
46377895,0.49258175
46392653,0.5320856
46413661,0.34364557
46519103,0.45014057
46573779,0.3328562
46581047,0.53192896
46606761,0.5860014
46698940,0.49666527
46705143,0.3171246
46740639,0.53065777
46783234,0.30655992
46812240,0.37038618
46890366,0.44044727
46911385,0.37699142
46949310,0.34221378
46982480,0.5435625
46992221,0.4308655
46999340,0.5503856
47056744,0.6338804
47117781,0.4524705
47160860,0.38760614
47169483,0.42458203
47170303,0.45383725
47173984,0.5197479
47263147,0.4055254
47304072,0.40196913
47328757,0.54405236
47350031,0.36077788
47365105,0.38231608
47403260,0.7172615
47409590,0.35215446
47429651,0.57772
47446562,0.35464367
47446589,0.55343115
47450374,0.3581671
47474125,0.4301597
47490635,0.4362373
47570953,0.5242067
47589106,0.3531349
47607230,0.3856699
47618927,0.47067443
47652409,0.44045508
47742763,0.3753596
47812425,0.32340625
47852172,0.4961075
47895869,0.57029814
47937805,0.5489354
47960112,0.39261776
48023957,0.42147607
48026850,0.37958065
48038681,0.37171534
48047924,0.36453184
48048713,0.48561394
48098545,0.30731204
48150301,0.65597373
48156344,0.46612567
48172242,0.51571965
48198100,0.3452491
48224220,0.48526734
48241710,0.38851884
48259494,0.37983492
48289042,0.42115963
48303453,0.27139
48417683,0.5643395
48493498,0.57714576
48503602,0.35552922
48611938,0.30129996
48629324,0.36119556
48644905,0.2635983
48655419,0.31469253
48675742,0.624207
48719830,0.39875054
48746395,0.46250126
48755198,0.30363175
48765335,0.4223779
48770474,0.40278107
48771470,0.5302799
48802270,0.2658827
48805691,0.54588085
48857176,0.37171534
48895853,0.41630197
48923266,0.5072234
48925997,0.35080758
48931494,0.34227544
48971428,0.37046787
49009430,0.5431041
49035738,0.46278045
49061170,0.30133346
49078030,0.5526685
49083661,0.3962676
49095286,0.45568022
49111108,0.31314003
49114415,0.45164663
49141264,0.3178032
49163174,0.43141457
49182911,0.4059839
49220108,0.53548515
49238238,0.34150425
49254761,0.54114133
49285735,0.45054612
49288762,0.43896687
49290573,0.3852927
49314147,0.3195489
49339691,0.62559146
49365990,0.67124104
49386123,0.39810795
49400049,0.6147301
49463493,0.4859886
49465640,0.38121727
49502156,0.48724043
49543927,0.5679285
49572519,0.39212978
49599491,0.66984516
49600907,0.6320097
49604034,0.49745727
49605134,0.43011785
49637817,0.44960105
49648180,0.6264854
49697655,0.3684314
49704666,0.33669496
49749306,0.33703482
49787865,0.40008402
49815462,0.41710854
49867312,0.36674738
49876971,0.51714414
49895677,0.47401536
49903756,0.4068238
49917050,0.30823076
49929502,0.4068737
49979298,0.35345924
49980897,0.28597194
50000543,0.35833338
50032971,0.45323914
50034854,0.32464805
50068531,0.29270935
50082056,0.32348838
50116864,0.3786446
50130368,0.27858824
50185359,0.47030056
50188105,0.34687895
50188702,0.27897295
50194173,0.3396172
50244445,0.5496455
50246189,0.4148198
50281345,0.5651532
50281633,0.3541766
50340227,0.6665495
50371871,0.51979905
50389406,0.33313107
50423414,0.48117948
50571226,0.3999886
50594749,0.5541298
50598019,0.34575728
50606306,0.37850133
50628612,0.42971328
50677956,0.29302454
50707517,0.33102491
50734471,0.37171534
50797491,0.41330758
50825253,0.35507673
50921161,0.35003728
50988636,0.4102619
51025144,0.31831554
51059596,0.34821996
51070933,0.34619015
51189320,0.39658958
51314893,0.50154454
51324138,0.5232564
51333196,0.39321345
51392158,0.32426286
51413878,0.35883373
51464163,0.4703153
51468263,0.49960056
51468266,0.34222576
51499900,0.3487648
51543682,0.45568022
51549457,0.32455418
51553625,0.28089914
51615730,0.5221388
51619523,0.53803504
51641762,0.54767686
51643659,0.35377643
51734050,0.42916375
51740699,0.4716906
51745515,0.42338195
51822302,0.53630954
51838392,0.3623237
51839664,0.4580047
51845087,0.6576507
51861640,0.44444284
51886931,0.4197658
52091338,0.2961469
52131601,0.392958
52164822,0.33944544
52175576,0.36154476
52216376,0.2663708
52275965,0.48293585
52340213,0.5828643
52358368,0.6562443
52382187,0.60146564
52424807,0.6679014
52433000,0.34368858
52489320,0.5288515
52518753,0.48625597
52549295,0.4008115
52575122,0.2874414
52586875,0.44844446
52588558,0.5492887
52591439,0.3642995
52594600,0.50121033
52612001,0.6718532
52623227,0.47934645
52636150,0.38219213
52658741,0.47668135
52659936,0.5056681
52662094,0.3842502
52685147,0.29418203
52740417,0.46457654
52749529,0.36317086
52802973,0.2915216
52823541,0.3636612
52840860,0.3862165
52874920,0.3618398
52920077,0.6155619
52942037,0.29227737
52999771,0.36098585
53010322,0.35017282
53053662,0.508096
53056498,0.39695588
53094781,0.31774524
53270690,0.6546257
53275229,0.33400387
53355085,0.52548975
53361712,0.3352446
53430793,0.30937728
53443876,0.5334172
53456419,0.69786316
53468179,0.5777114
53470175,0.38593054
53492952,0.48540044
53522229,0.4829591
53551644,0.48809984
53589977,0.4242025
53610753,0.39358783
53653672,0.4868408
53742244,0.34308663
53748811,0.494749
53754591,0.41222456
53755004,0.63086677
53796916,0.37229928
53799749,0.52830833
53817387,0.44182682
53818229,0.585464
53848566,0.323095
53882112,0.7046646
53889389,0.41895276
53901395,0.4925423
53923485,0.5517113
53930440,0.3969286
53931678,0.36765733
53979285,0.5484568
54002443,0.41730937
54007135,0.76984227
54022699,0.42885843
54029679,0.35114825
54047312,0.47171336
54083546,0.46025506
54096213,0.4873027
54129921,0.40130466
54130460,0.49056014
54209192,0.42840558
54236542,0.59177417
54281801,0.41757438
54372604,0.621917
54378637,0.39072144
54418606,0.3306075
54421340,0.62048984
54439127,0.47878018
54441407,0.53806144
54460104,0.66398025
54485932,0.4224459
54491451,0.3651537
54518053,0.37520656
54555974,0.44057277
54741237,0.6214064
54779436,0.3224497
54889824,0.4222723
54982898,0.60658383
55003434,0.5442484
55013765,0.45303783
55038839,0.46587947
55048771,0.35487732
55076114,0.41263625
55083943,0.4113278
55088715,0.3126146
55108009,0.51403344
55115986,0.593854
55155321,0.3333161
55185794,0.31966883
55192578,0.35952812
55199234,0.4137205
55221263,0.4041959
55234961,0.48088467
55251709,0.36257482
55253976,0.65200365
55271010,0.4646724
55357207,0.35134605
55358788,0.32933086
55369363,0.3464881
55388963,0.37930727
55418175,0.36682424
55483265,0.5161841
55529265,0.5954213
55534785,0.5786883
55541324,0.2663708
55552772,0.32947332
55586299,0.36255345
55651106,0.43433827
55675702,0.45426956
55708924,0.45977965
55713164,0.35436407
55746723,0.42366445
55762156,0.3216375
55793767,0.39932474
55799185,0.46104917
55838594,0.3316497
55864383,0.50022215
55875274,0.42540506
55878885,0.36631668
55919477,0.47683343
55943826,0.5541838
55961571,0.33781406
55996916,0.47784582
56000334,0.40800354
56012853,0.32183808
56017905,0.5680117
56075018,0.4644914
56086567,0.5730352
56101679,0.42459467
56129260,0.435964
56159156,0.51900154
56179132,0.4771425
56187152,0.517123
56196393,0.44127363
56198812,0.31676963
56220704,0.6272731
56228080,0.50117517
56342135,0.30875275
56389592,0.49063158
56419413,0.38795364
56420052,0.39576784
56422922,0.34433106
56439236,0.3726904
56485020,0.50939363
56486360,0.4953871
56519127,0.62150997
56565030,0.43409702
56578583,0.51840943
56589562,0.4898867
56606368,0.40195265
56709831,0.502655
56755639,0.50730056
56763587,0.52605975
56783348,0.510142
56783691,0.4975061
56786565,0.39547974
56794966,0.37978703
56818375,0.3929784
56887029,0.3730432
56936197,0.6079571
56937730,0.3126146
56939523,0.3566106
56980102,0.35602662
56988646,0.4661988
57006070,0.59976864
57042441,0.3160973
57045393,0.4360337
57050358,0.3866655
57070076,0.40331715
57153147,0.4635888
57215636,0.46130103
57220983,0.60901415
57249461,0.6812245
57288373,0.28089914
57293688,0.4019862
57295414,0.44743425
57309825,0.5319264
57375958,0.4122173
57451464,0.31814653
57512566,0.4564576
57591916,0.6858205
57595813,0.28765723
57604938,0.2961668
57665351,0.349656
57690486,0.42058393
57749040,0.3851364
57753982,0.48193458
57757650,0.63077015
57775609,0.46808222
57823642,0.39650992
57847550,0.47432068
57850427,0.3169546
57886259,0.3616151
57891135,0.42837617
57919012,0.41202816
57928592,0.37183505
57945406,0.6282262
57948758,0.34751484
57984645,0.5171216
58004721,0.68059444
58006798,0.7220331
58021788,0.3395597
58023930,0.6390506
58038456,0.34924868
58040316,0.503312
58046523,0.4740102
58075552,0.30560404
58082547,0.43342084
58084771,0.45615995
58163794,0.51795447
58199695,0.42367795
58266143,0.53269905
58355955,0.37980986
58444075,0.42266583
58473772,0.44230312
58587337,0.37147695
58609411,0.34336194
58610022,0.4047588
58691571,0.36394876
58713656,0.30157012
58754755,0.57378876
58822685,0.4441105
58838122,0.5707444
58849512,0.58791757
58850590,0.5000047
58851931,0.40327883
58927964,0.2852196
58939019,0.39100227
58979178,0.31220973
59001640,0.38671118
59053159,0.54424286
59074588,0.47283956
59149631,0.4422951
59167103,0.5152737
59211382,0.5097726
59233664,0.73161215
59298345,0.3616151
59313494,0.42907917
59349430,0.42359293
59396928,0.37288848
59447114,0.3221474
59500358,0.28611365
59561460,0.54081523
59612277,0.4013609
59624852,0.44774494
59627043,0.29821387
59651963,0.5129242
59709592,0.3602511
59723709,0.61545765
59728965,0.51657665
59763029,0.4764004
59818124,0.47234926
59836870,0.36551344
59839451,0.3856937
59848566,0.5513057
59863981,0.32428578
59867751,0.5535768
59871591,0.72688067
59880944,0.4376917
59912360,0.4221715
59956175,0.50080055
59994859,0.4584735
60004384,0.5100076
60026690,0.37827492
60029265,0.57896477
60037001,0.32127026
60046225,0.5075895
60064419,0.44283885
60070226,0.3305277
60073858,0.47426304
60111796,0.5924992
60130204,0.5093206
60145396,0.3649255
60183563,0.39840358
60185978,0.4638195
60228118,0.31326032
60248313,0.38166168
60309698,0.3973106
60320033,0.41221792
60340891,0.7189117
60374532,0.37565637
60405817,0.39439312
60434712,0.32626542
60446415,0.4368488
60516576,0.58261245
60525551,0.28919837
60545607,0.42701292
60708146,0.49890798
60743141,0.37243822
60743656,0.3560381
60751900,0.34395668
60791671,0.4196348
60859745,0.40158686
60895734,0.41151595
60922466,0.3452094
60944935,0.35933992
60953316,0.3534625
61009373,0.43575454
61016907,0.46330133
61034383,0.5537761
61077537,0.49206707
61078488,0.70318955
61123305,0.33356827
61133128,0.5660942
61145296,0.3452928
61192669,0.5616044
61197025,0.37049007
61225878,0.40156692
61244703,0.5326472
61287858,0.6197782
61301814,0.2788293
61312532,0.30731204
61317308,0.41959685
61324530,0.43783158
61335203,0.33919168
61385934,0.3467274
61436963,0.47884166
61444633,0.30507478
61455368,0.44010013
61463117,0.54491127
61463328,0.6268587
61511533,0.41710985
61520864,0.49649015
61542297,0.44317594
61561173,0.5534259
61598535,0.36424452
61613971,0.52226233
61628505,0.4123354
61630225,0.5227433
61710092,0.317279
61713959,0.46997446
61715380,0.45367914
61733281,0.53592086
61758325,0.40654093
61774332,0.54676
61781661,0.3824154
61783531,0.4372664
61796054,0.6369678
61799579,0.35645875
61813188,0.39709237
61845978,0.5402327
61853422,0.33985174
61942604,0.67308205
61968077,0.39496687
61978280,0.6916816
61990441,0.3412483
62001381,0.53537226
62030642,0.5875297
62044192,0.38412458
62052075,0.5361596
62140553,0.36799404
62155762,0.60127854
62168921,0.4624034
62186405,0.4377767
62245522,0.30300084
62258087,0.3409212
62309471,0.5845661
62337080,0.6376372
62353531,0.35788664
62379003,0.4212506
62408292,0.46628
62408586,0.4510205
62423418,0.3873065
62427467,0.4686034
62434324,0.41038004
62509484,0.473476
62572152,0.50842094
62586401,0.4290285
62598132,0.5373411
62666744,0.3264568
62679832,0.5719488
62727101,0.42636883
62745906,0.471871
62752982,0.3774867
62760931,0.36141512
62778413,0.3358321
62821040,0.3720622
62832400,0.31314003
62886702,0.2941475
62903374,0.4152108
62935972,0.42764604
62941427,0.59489816
63022546,0.49867445
63030316,0.7340434
63109769,0.5830522
63110013,0.61632985
63114071,0.5746717
63133456,0.41928154
63144428,0.4687197
63146105,0.48166123
63233186,0.47857162
63254157,0.522019
63265381,0.5564031
63273720,0.3069986
63281295,0.5426512
63299169,0.4503907
63304022,0.4235774
63387944,0.4110643
63389358,0.32730728
63394997,0.48625585
63445893,0.47462222
63451946,0.5878695
63474988,0.48799092
63476418,0.5456858
63481603,0.50372523
63532469,0.55236876
63578851,0.4406905
63581453,0.37135547
63640377,0.5336391
63654730,0.49435982
63660394,0.44349277
63661024,0.48807186
63688905,0.31783384
63711780,0.28736576
63720618,0.6210032
63738439,0.36559847
63770741,0.3322008
63791366,0.5381745
63801566,0.43950343
63815810,0.34817412
63833221,0.5530259
63842332,0.37018698
63850645,0.34975913
63852015,0.46201345
63862815,0.35623074
63879297,0.58044547
63880907,0.32045558
63886354,0.48253757
63923246,0.4450428
63944126,0.33223468
64004910,0.39582542
64017478,0.4809147
64026830,0.34924868
64029834,0.416692
64056554,0.77308404
64070636,0.30814466
64087631,0.4305935
64128304,0.53954047
64136501,0.4644709
64152962,0.3058313
64172822,0.48672867
64228662,0.5595762
64243199,0.6333762
64261604,0.41511017
64312830,0.30297303
64359200,0.43482873
64398432,0.41978964
64410602,0.4295572
64472759,0.57903653
64497822,0.47222474
64510946,0.363543
64568634,0.28794035
64612686,0.33684242
64615129,0.38757944
64627292,0.366206
64634486,0.49258175
64647717,0.48647603
64689367,0.70612687
64694340,0.5539159
64700052,0.31176966
64718123,0.61520827
64727059,0.31973314
64756863,0.44694772
64772015,0.49258175
64829915,0.32717404
64855819,0.5587446
64862509,0.32922027
64879985,0.3351374
64887559,0.57014567
64952541,0.5285923
64956931,0.5489676
64977335,0.37170473
64980975,0.30404967
65015384,0.39116967
65082603,0.3642882
65102839,0.61440694
65105434,0.36256257
65154523,0.38511577
65158867,0.33522663
65218458,0.31075692
65220358,0.6451457
65220466,0.522547
65224677,0.35778198
65231233,0.36781535
65234865,0.3213227
65283526,0.51125145
65298387,0.3491135
65309740,0.4166857
65335407,0.5390815
65335641,0.4558926
65384696,0.6247491
65393099,0.34104398
65423932,0.36213374
65460714,0.5242981
65460931,0.33891758
65526075,0.45215246
65608139,0.57700527
65639862,0.4286822
65658944,0.6221171
65734444,0.46099874
65745245,0.4862853
65758751,0.48405415
65876954,0.49931845
65891854,0.39032644
65933176,0.45924762
65945953,0.33529672
65956325,0.53896683
66061266,0.5641361
66096689,0.38427106
66119425,0.49218777
66143775,0.3947257
66146116,0.3873164
66171394,0.3231053
66190992,0.44098338
66206996,0.58470917
66227697,0.46201345
66241278,0.31143343
66256416,0.41439483
66287048,0.45180255
66367958,0.6018457
66372978,0.65050954
66391854,0.5345215
66418902,0.7592114
66434526,0.3598315
66495185,0.5763688
66532772,0.3980646
66557169,0.31723416
66575542,0.33960465
66588178,0.5028753
66628884,0.37235716
66679335,0.61002123
66714675,0.40103808
66717911,0.37171534
66738934,0.5874922
66743297,0.4273669
66751696,0.5605261
66802399,0.5725423
66813517,0.4437629
66838542,0.53367066
66843516,0.42378733
66864421,0.39369327
66894927,0.44865096
66956350,0.31966472
66986757,0.3263666
67014164,0.5351978
67080684,0.505206
67087438,0.4065832
67088724,0.48324385
67106063,0.34545574
67175981,0.5112769
67216029,0.33118883
67257684,0.5642782
67271436,0.38693076
67280871,0.4534976
67327004,0.49610713
67334854,0.37917945
67383663,0.374249
67453486,0.42876926
67473291,0.5656115
67480620,0.4037013
67595521,0.31987253
67596113,0.38567397
67628722,0.3836287
67642602,0.6390487
67650676,0.5112214
67665729,0.3590142
67680924,0.52927184
67710245,0.33771205
67715187,0.4303112
67761403,0.44669935
67818644,0.38754714
67828097,0.5443232
67843345,0.47789067
67874003,0.6826661
67881606,0.3252505
67939153,0.42511714
67945756,0.376657
67948907,0.3323024
67984042,0.42155105
68051153,0.37160352
68089024,0.35368073
68090845,0.47390962
68123922,0.6129023
68173839,0.47134003
68178858,0.4721878
68191064,0.45371503
68234295,0.46814516
68248010,0.6062049
68257594,0.59064794
68273832,0.61439854
68326027,0.4544729
68368659,0.4906211
68371332,0.3347338
68393589,0.44622582
68399884,0.44707873
68428305,0.46767846
68540284,0.60518795
68600759,0.46759367
68651573,0.45874387
68742453,0.53074604
68753997,0.37970582
68779832,0.35587534
68799656,0.36338598
68800304,0.42857498
68824824,0.34602332
68845980,0.3307163
68874729,0.31395635
68885379,0.48309252
68961483,0.54792356
68961647,0.65562737
68988272,0.51489496
68993750,0.55488974
69057138,0.33271143
69086434,0.36878166
69131449,0.488019
69132063,0.34517014
69142971,0.51765484
69148229,0.3752166
69200489,0.50643957
69202436,0.36399165
69284063,0.5228073
69313142,0.49019048
69401263,0.3558474
69447665,0.3481284
69487700,0.35113192
69512175,0.37441358
69524587,0.38947845
69546316,0.3446205
69586432,0.45682818
69587520,0.30549788
69609386,0.35324073
69613297,0.45658326
69628963,0.2982286
69639969,0.38207388
69683810,0.29969513
69693001,0.4628744
69705190,0.6132519
69711372,0.6378117
69715217,0.45223582
69765249,0.4339493
69781882,0.44418594
69782822,0.53749126
69868888,0.44616288
69886005,0.46127343
69925212,0.56068164
69973522,0.35228792
70027904,0.5603304
70050692,0.46057534
70067992,0.3645228
70114420,0.31622598
70128202,0.46134347
70143123,0.40957665
70168817,0.35928118
70178916,0.3832362
70207491,0.36883494
70225938,0.47202632
70255884,0.3140233
70259852,0.4991516
70277633,0.31037965
70302931,0.3190711
70306450,0.5395936
70323790,0.4891068
70326821,0.5896935
70360096,0.40658492
70391198,0.430921
70420440,0.51769084
70426342,0.56676
70431954,0.39214402
70454187,0.32166192
70473209,0.6374528
70486266,0.5017332
70502896,0.31776524
70510571,0.3597192
70525253,0.28931573
70532099,0.44149294
70570397,0.5597846
70585961,0.5851595
70624880,0.37077332
70635851,0.41335997
70666604,0.70734763
70678764,0.36423567
70690635,0.5226499
70711430,0.48410565
70734869,0.4371805
70738904,0.6405675
70749151,0.39032114
70756441,0.47385705
70790743,0.3517199
70819605,0.3558637
70837587,0.66740525
70848169,0.46384263
70883403,0.5414051
70888346,0.4482571
70892549,0.33089414
70892783,0.30886063
70895667,0.4603905
70921924,0.46759367
70930381,0.33154476
70939175,0.48841137
70972809,0.4003209
70982049,0.3545376
71000193,0.418878
71118529,0.33527416
71160914,0.3985715
71172808,0.63008964
71190411,0.4944363
71211832,0.53361964
71213789,0.2735636
71225839,0.5947573
71256126,0.31239522
71263781,0.3813627
71311316,0.42724183
71466187,0.48797628
71471760,0.3744663
71485222,0.44376525
71513657,0.50730616
71516645,0.5772648
71549503,0.59980273
71577803,0.5273391
71599076,0.35768607
71607343,0.32062158
71632352,0.46263567
71644043,0.487965
71646377,0.5972515
71648241,0.6041841
71654211,0.6926299
71719624,0.35221767
71746746,0.30387682
71759640,0.30643886
71763484,0.42273006
71803482,0.5731338
71812094,0.3872841
71835764,0.2992994
71865788,0.47336584
71867287,0.4187658
71874115,0.45095688
71902723,0.38659203
71911679,0.5006796
71922409,0.4276286
71966532,0.37743264
71982064,0.39582542
71996109,0.5106065
72033624,0.7600476
72078831,0.27317336
72087231,0.45858464
72099201,0.49644053
72107908,0.5901743
72149080,0.35311404
72188664,0.31731242
72200763,0.55123186
72224381,0.48251188
72301958,0.3560225
72327046,0.59596884
72430383,0.32996544
72469614,0.40772155
72470388,0.3233986
72530373,0.30731204
72534932,0.28640243
72547488,0.34856227
72566501,0.47761738
72568668,0.42086902
72570760,0.36622116
72575284,0.57703227
72576023,0.34735462
72577730,0.35736844
72586209,0.45367914
72605688,0.43322888
72617904,0.38794422
72646455,0.4314274
72662346,0.5642782
72665325,0.5091463
72674186,0.5236172
72735622,0.41654196
72760153,0.53538346
72780460,0.55296546
72802446,0.6297986
72805553,0.6653135
72805662,0.2889857
72818498,0.3242515
72834202,0.5243915
72851893,0.5510327
72855316,0.48684636
72896314,0.3084454
72908719,0.51595145
72921986,0.3625729
72943900,0.6929591
72956635,0.40242994
72959227,0.25985685
73001101,0.32428578
73006095,0.3203743
73020625,0.31430143
73024764,0.4499797
73025235,0.41876173
73031784,0.52052116
73033241,0.3508057
73067127,0.33040628
73110554,0.51792645
73117692,0.48310578
73139150,0.5021532
73182529,0.623798
73197097,0.71715844
73197417,0.34948468
73205353,0.6382481
73221113,0.38822517
73227910,0.51563877
73238226,0.45603734
73257334,0.36692762
73263137,0.36310387
73263344,0.4338563
73300172,0.39199868
73374980,0.36237252
73380812,0.46523744
73402777,0.34764788
73426176,0.43019888
73448532,0.4281933
73459433,0.60643625
73474493,0.5070977
73510477,0.3262055
73538858,0.3583026
73580357,0.329387
73584882,0.29526612
73599818,0.425682
73649979,0.46186894
73685445,0.4802055
73778310,0.48057568
73778579,0.36944613
73895152,0.51931494
73963911,0.3281126
73972092,0.5801937
73985249,0.37490672
74040897,0.55226535
74041795,0.33658648
74082471,0.40334097
74085720,0.3490517
74129296,0.48442644
74132202,0.32045558
74134155,0.42732385
74144325,0.2889411
74173548,0.57777166
74218826,0.5439746
74280926,0.3161853
74285914,0.43988284
74331777,0.46178353
74332639,0.34400803
74351422,0.44243452
74428668,0.40863103
74476679,0.50319195
74619328,0.48954207
74639060,0.437948
74667149,0.6705727
74708086,0.3361192
74760028,0.5482313
74800099,0.56161225
74854618,0.34942162
74856664,0.47886136
74870263,0.34120172
74878201,0.5980577
74917343,0.33832356
74942122,0.4315427
74951485,0.5431349
74975576,0.431254
74993422,0.7039387
75078586,0.5570853
75082331,0.564955
75101515,0.54825747
75131411,0.3699322
75152402,0.56091326
75156736,0.52669567
75215258,0.3413195
75278479,0.48690292
75346002,0.45367914
75360806,0.41093522
75405781,0.50731766
75405930,0.3244565
75439876,0.3116586
75445093,0.5310918
75463975,0.3957104
75472683,0.42828363
75474815,0.51571655
75496316,0.4926294
75521890,0.42200047
75562265,0.5367534
75562483,0.3714629
75581098,0.42393342
75724912,0.4926699
75733224,0.50751704
75739243,0.37171534
75846272,0.4685367
75859815,0.3472811
75991312,0.6004341
76010375,0.5403009
76012702,0.5220072
76043922,0.3877956
76058479,0.41265526
76071190,0.55968976
76096102,0.39891258
76111213,0.3967975
76113396,0.7454552
76123682,0.4900986
76132762,0.44467315
76182785,0.29841796
76275465,0.33307043
76279638,0.32738724
76295130,0.35241863
76313007,0.4645858
76316323,0.5412587
76343616,0.39442626
76348095,0.46986938
76362870,0.30135083
76389630,0.34259006
76477099,0.5301369
76508197,0.3937194
76547967,0.45468277
76566285,0.7477707
76580001,0.45017403
76598280,0.5670364
76606343,0.55220187
76655905,0.37827122
76716437,0.5576019
76722928,0.44363588
76770632,0.5600212
76844676,0.5082312
76844980,0.49205953
76922612,0.41859823
76924312,0.6191142
76932822,0.2957989
76955574,0.50775886
77005402,0.33692318
77010833,0.49510399
77019439,0.50312066
77031071,0.3352119
77044325,0.32624763
77084405,0.5985967
77134120,0.5513002
77148640,0.58312386
77169964,0.46640617
77190492,0.5660334
77197301,0.36436522
77226156,0.3276429
77245317,0.38055468
77249213,0.3008482
77258785,0.59689206
77275321,0.5862645
77277302,0.51403344
77283889,0.2989023
77320734,0.58240825
77388478,0.3473478
77391649,0.64218706
77435966,0.3580175
77493006,0.31612116
77592534,0.35622224
77634195,0.6040069
77686369,0.4399141
77740256,0.4374185
77742800,0.33832496
77773677,0.30548292
77825659,0.40107206
77856088,0.30891067
77862154,0.44974115
77874706,0.53220433
77880992,0.32094473
77992281,0.39831406
78016866,0.65151626
78045598,0.4105975
78066879,0.52271503
78085289,0.6673717
78103849,0.45554957
78121191,0.66967964
78153509,0.6445718
78186078,0.38062227
78202726,0.5238254
78223460,0.43389508
78237178,0.49258175
78374578,0.47949052
78408006,0.5796983
78476887,0.39296868
78541979,0.29705986
78548598,0.3846657
78567402,0.52264076
78585529,0.38977072
78593569,0.32826775
78629672,0.35353974
78649713,0.34820077
78665301,0.570826
78714161,0.38157707
78728860,0.3852181
78737613,0.5273831
78738215,0.60833776
78771111,0.3985824
78847089,0.45758682
78917074,0.3256835
78941524,0.43850604
78955924,0.47397807
79038293,0.5980577
79161779,0.34486204
79180109,0.30804408
79206023,0.3314304
79234200,0.35377774
79234235,0.53026
79244056,0.40950707
79244627,0.28843158
79274575,0.64024866
79278466,0.55341536
79280282,0.34080532
79286032,0.30991364
79340305,0.37034068
79363745,0.32160512
79405352,0.551221
79414195,0.414514
79422293,0.38823453
79424199,0.4340383
79431697,0.335173
79434044,0.37427676
79452683,0.5011817
79471746,0.4421694
79482155,0.35950422
79492634,0.40737057
79503987,0.39361545
79518624,0.321888
79583123,0.46062082
79620564,0.45662293
79637922,0.4683665
79708376,0.4066162
79717877,0.28663653
79733502,0.51463175
79743129,0.38403282
79784743,0.44177243
79791349,0.3260017
79840653,0.44842154
79867228,0.34005865
79875919,0.48581347
79937759,0.54133314
79963943,0.54875064
79986613,0.43211186
80021276,0.40890184
80092328,0.34158188
80112107,0.3154259
80127004,0.33787367
80140412,0.37898526
80174742,0.3940952
80216017,0.38791466
80219999,0.39484784
80223109,0.4307369
80229606,0.5554962
80235969,0.40210667
80240089,0.5069114
80247250,0.61598945
80269026,0.42455322
80278552,0.53914094
80292281,0.63139427
80301732,0.55786395
80324834,0.6814239
80339866,0.4447173
80383406,0.47771975
80410859,0.57298857
80444902,0.31483233
80470048,0.33897978
80557463,0.5466756
80591981,0.5073675
80599627,0.31605235
80599806,0.63768756
80600060,0.45367914
80615590,0.49357992
80647302,0.4100264
80680534,0.36869127
80742712,0.5099724
80777190,0.32092315
80777234,0.49931726
80783299,0.47907668
80795846,0.44567898
80795959,0.2943841
80877376,0.53804624
80882045,0.33891225
80902013,0.5361293
80921652,0.5809036
80932478,0.6499952
80946485,0.39474747
80954841,0.3141405
80977744,0.30768368
80981100,0.6116817
81019657,0.39560416
81058555,0.6727371
81086442,0.54170436
81135337,0.29107663
81170837,0.3893867
81176688,0.3817304
81186549,0.421876
81205414,0.33391935
81205700,0.550735
81249417,0.37783012
81254554,0.527195
81283191,0.4666947
81330533,0.56455696
81331404,0.574639
81374126,0.32509068
81428597,0.3152677
81429049,0.38332313
81442390,0.37652242
81456554,0.38651338
81479825,0.69797313
81483040,0.36700818
81583222,0.3571253
81671241,0.7467483
81727321,0.52418613
81765820,0.5484587
81812013,0.58186185
81862398,0.33939126
81887146,0.3367105
81898530,0.44333124
81900784,0.4033457
81972666,0.4105306
82029848,0.4369797
82064262,0.48696733
82070267,0.31503767
82114742,0.44754317
82127108,0.54563785
82174396,0.37137142
82186195,0.5615464
82192368,0.39758724
82234503,0.34895068
82244228,0.3634965
82252018,0.34640658
82268474,0.36279544
82294843,0.32132414
82308369,0.38735545
82376585,0.47044224
82376700,0.4329089
82384335,0.4844188
82433747,0.49829635
82539477,0.47722262
82547399,0.41045097
82561709,0.36663488
82581973,0.6545354
82596628,0.57903653
82665096,0.44335264
82670667,0.36331174
82683681,0.43836373
82720641,0.37831536
82759519,0.5925256
82760821,0.35883373
82772349,0.70963454
82777964,0.45319623
82797588,0.3843723
82798642,0.34757462
82839957,0.37576163
82873839,0.30088988
82904098,0.7630961
82906365,0.4504708
82934797,0.3727871
82970785,0.4683619
83017118,0.3934546
83072268,0.44495508
83073247,0.37994885
83193869,0.6839347
83203206,0.42895466
83215423,0.3907198
83216267,0.3843922
83258118,0.6197667
83260097,0.46957028
83261662,0.37185705
83266060,0.58609873
83334930,0.42073873
83340880,0.52356017
83370979,0.44375262
83399464,0.3126146
83441417,0.28765723
83490400,0.62621665
83517007,0.48062342
83519788,0.35853204
83566651,0.47670904
83627582,0.49989697
83720437,0.35932463
83724633,0.51962626
83759123,0.7539461
83793452,0.35196143
83846827,0.27793285
83902689,0.62119406
83907805,0.28663653
83941637,0.44273356
83943760,0.67269784
84077404,0.4497378
84080831,0.5924072
84103169,0.374951
84130274,0.53528005
84148408,0.5864353
84155118,0.48011965
84155622,0.4634747
84194040,0.39066708
84203354,0.685911
84277284,0.27701125
84380814,0.37066507
84403363,0.46187216
84422977,0.38483658
84425967,0.43960178
84430668,0.33289284
84457808,0.29679987
84477305,0.5982125
84499692,0.5402634
84534351,0.3707969
84561375,0.3623222
84576470,0.30148554
84591427,0.36436522
84592673,0.37637815
84608194,0.35543883
84656973,0.35971788
84674282,0.54923487
84710659,0.2663708
84734887,0.442556
84795885,0.42513293
84816985,0.2726741
84841544,0.47462106
84846919,0.67174894
84848102,0.35839546
84868136,0.5405877
84940280,0.50902975
84979902,0.47582743
84998727,0.38251105
85086733,0.40521678
85102588,0.34830168
85169712,0.47821847
85187502,0.62893105
85202027,0.56887484
85219732,0.28911656
85284514,0.6041788
85302434,0.30987778
85372378,0.33040056
85384756,0.51823825
85493138,0.4423178
85572010,0.5183349
85614078,0.5236028
85626879,0.515329
85635610,0.51045305
85648406,0.3994436
85660140,0.5348063
85664430,0.46527454
85678569,0.46285367
85681838,0.45367914
85686490,0.39511922
85695839,0.39097068
85783576,0.3651537
85815529,0.32368958
85821996,0.38211218
85834562,0.5009637
85854450,0.5566958
85861930,0.39439663
85862087,0.44389305
85862843,0.31346312
85884054,0.51581657
85890860,0.5636978
85923483,0.45170498
85971877,0.3465273
85985640,0.56845844
86000591,0.44481987
86007707,0.45614684
86015389,0.6236413
86049742,0.59507054
86147502,0.43226057
86153858,0.44686857
86199849,0.48094842
86200878,0.7477397
86240133,0.32975346
86244234,0.55579907
86274674,0.5152032
86304957,0.30075085
86305054,0.52189845
86327634,0.2849767
86360614,0.45152256
86369588,0.46253985
86370215,0.66661316
86416983,0.4017344
86446782,0.45882162
86467196,0.48240238
86499264,0.5103566
86499817,0.40518552
86509530,0.39473233
86538345,0.50857306
86544211,0.31110978
86569593,0.32403135
86605121,0.45912224
86629509,0.5718766
86639682,0.51296115
86641978,0.53183764
86671427,0.563278
86680398,0.33198765
86682224,0.35872078
86689546,0.34278333
86690867,0.45367914
86695282,0.35008782
86714506,0.37018678
86727725,0.3576556
86731830,0.45399612
86759507,0.3170148
86796306,0.42502776
86829925,0.6133212
86841018,0.52517027
86865629,0.56747806
86924089,0.51344013
86941639,0.373768
86968171,0.61902505
86985779,0.46381095
87003793,0.42752326
87029440,0.29593757
87084168,0.4030507
87125342,0.34674516
87135380,0.3908679
87136979,0.51624364
87222013,0.5323047
87301914,0.47686455
87391363,0.28625038
87410536,0.33506522
87450579,0.40927354
87450603,0.6179731
87455713,0.28207514
87460303,0.32662916
87481444,0.34115615
87567939,0.45007792
87655247,0.41222778
87667031,0.4523611
87670097,0.58635104
87674501,0.31810924
87679024,0.3611233
87679623,0.3769756
87691321,0.33838344
87695373,0.49279103
87729038,0.31061527
87732921,0.39066708
87784181,0.39074147
87830992,0.32234898
87851013,0.38068828
87866237,0.3776774
87891115,0.30671537
87902560,0.5015477
87923873,0.4478467
87945762,0.6518273
87961010,0.4053819
88006900,0.33856127
88062761,0.38829622
88131351,0.4037028
88154104,0.5566423
88183948,0.42611974
88227575,0.6262706
88229777,0.416692
88288737,0.4357267
88300913,0.49041715
88330641,0.55571413
88351231,0.56822157
88365698,0.36130407
88381579,0.60479766
88382859,0.35095787
88442358,0.34413484
88450089,0.38876843
88478994,0.3697049
88515012,0.4472542
88536358,0.3915827
88565756,0.4050608
88606839,0.36117616
88612631,0.28879336
88668155,0.45462993
88679468,0.6049448
88713629,0.32180822
88727220,0.40426174
88727545,0.500043
88750461,0.36891767
88762055,0.4838378
88794218,0.4641376
88845524,0.32035774
88887169,0.44849598
88924303,0.3961958
88936620,0.38707313
88938877,0.4567479
88986376,0.43298477
89019714,0.5198899
89054135,0.3832958
89061590,0.52951014
89069735,0.5736946
89095703,0.36141512
89148908,0.31140047
89157170,0.39574507
89206126,0.51878405
89235739,0.46768355
89267268,0.46772507
89321452,0.32575867
89323856,0.40575963
89361850,0.35519946
89409884,0.35539052
89431544,0.36985534
89470916,0.37336448
89501240,0.5487777
89573230,0.5582603
89613115,0.45937437
89619970,0.74734604
89647691,0.31002113
89653769,0.31202784
89700094,0.3687703
89721350,0.31918082
89740943,0.45912126
89761230,0.34431624
89786835,0.4484301
89938970,0.3983937
89963751,0.5220267
89989620,0.5777671
90053651,0.5104794
90072280,0.7692125
90081271,0.4292547
90134592,0.45367914
90169769,0.5435241
90184033,0.39945766
90199889,0.6471975
90278223,0.5482943
90345699,0.40123203
90350810,0.36477283
90370030,0.3921588
90408943,0.47622022
90514029,0.36158437
90553172,0.69940656
90577004,0.29372376
90607472,0.6702025
90691233,0.31627363
90700555,0.5058119
90732869,0.43788543
90756257,0.49450397
90759096,0.3344507
90759354,0.41870603
90773101,0.36947238
90820233,0.5831252
90858767,0.42836884
90879835,0.3879753
90891731,0.31885326
90918201,0.32492876
90923818,0.33430812
90936101,0.28816652
90949661,0.41097355
90958995,0.40674546
90961024,0.41219774
91097165,0.2912621
91097632,0.5394095
91101111,0.5737227
91101945,0.35746354
91116884,0.36326566
91128848,0.3313745
91173477,0.47592378
91183805,0.39333934
91200815,0.33219677
91230552,0.34155154
91237635,0.44669935
91248192,0.44522482
91248365,0.55273926
91278241,0.41102785
91301143,0.46443483
91395350,0.43331298
91403118,0.34465694
91408264,0.55308306
91417170,0.37717816
91424577,0.53183764
91470172,0.61979717
91477604,0.45185384
91485618,0.7517322
91524184,0.47050852
91541254,0.33766028
91575818,0.33244663
91632940,0.6332873
91647598,0.30642655
91681704,0.43067575
91683449,0.5020157
91710155,0.5675151
91712876,0.30731204
91764449,0.3868676
91848781,0.29816616
91850106,0.36654717
91869702,0.517185
91937494,0.31914496
91974511,0.5522026
91996945,0.43719897
92052392,0.62566257
92056774,0.5226204
92058958,0.32983258
92084454,0.45043918
92097660,0.46163625
92142815,0.3794706
92143960,0.36151758
92152611,0.39154664
92177496,0.44747624
92177979,0.37570596
92197764,0.5563985
92259194,0.4113093
92316134,0.45956832
92378036,0.32353365
92413508,0.50225
92418320,0.34436515
92491235,0.5406546
92535930,0.5300848
92569234,0.5693784
92584117,0.6718452
92627852,0.48219547
92636266,0.3394633
92686005,0.50315964
92702941,0.37239683
92740981,0.61800593
92785744,0.6608957
92794277,0.38157755
92820759,0.42378733
92843976,0.3101598
92858142,0.6356254
92867125,0.3472811
92874020,0.287957
92919566,0.35315624
93022789,0.42300573
93031909,0.4184316
93035249,0.3434419
93097060,0.39066708
93097735,0.3086162
93115285,0.30723906
93123732,0.5652525
93183173,0.5613124
93221804,0.32745582
93267321,0.46658984
93314098,0.32748148
93329704,0.35519183
93361647,0.49837843
93366462,0.34157756
93369119,0.46302602
93389766,0.3303257
93419578,0.53086615
93428215,0.3750747
93470404,0.381368
93489804,0.6461224
93501484,0.44669935
93554277,0.3731332
93559700,0.62823033
93572416,0.56738603
93636779,0.38851467
93677449,0.3720903
93682887,0.2860766
93683614,0.4632097
93699607,0.39109406
93798164,0.5978891
93803703,0.5759631
93805180,0.5375339
93851389,0.57047254
93971006,0.7460335
94012245,0.46652445
94018403,0.48263213
94030669,0.47171226
94050884,0.3823984
94060979,0.410802
94064467,0.40901408
94110803,0.3958513
94156006,0.4534976
94157282,0.4578559
94166854,0.5976562
94180042,0.5470063
94209253,0.3191428
94211449,0.3088643
94225315,0.40537408
94271606,0.5563657
94284222,0.5452293
94308769,0.42000374
94322959,0.6919386
94332415,0.2915216
94338187,0.33168012
94358239,0.5582553
94362880,0.53373444
94367969,0.5181952
94388569,0.44638035
94397499,0.3160762
94401954,0.40863103
94422888,0.46573386
94425915,0.3750194
94510903,0.3534625
94513734,0.62845707
94544913,0.4422968
94546274,0.4791103
94599009,0.34499598
94601019,0.44669935
94603349,0.43190947
94619955,0.6451457
94668608,0.52529025
94680386,0.31293756
94702439,0.4841013
94724607,0.2967565
94751380,0.690292
94761433,0.63700384
94820148,0.44325405
94822605,0.64205265
94852692,0.64849347
94864243,0.29669157
94887386,0.35534254
94899216,0.58308464
94925004,0.3982402
94982732,0.37201765
94999085,0.41778332
95016087,0.352969
95046694,0.3652674
95088517,0.37138847
95110266,0.6282506
95154029,0.3967919
95202077,0.32689032
95242792,0.63395756
95335790,0.5487795
95428946,0.3891344
95452501,0.36325788
95459686,0.37142745
95475172,0.35770604
95602389,0.5334138
95621309,0.46062082
95682784,0.82647026
95687369,0.3940186
95688478,0.53622824
95724637,0.57794267
95731809,0.30527294
95748592,0.4383426
95828906,0.4737058
95852599,0.3868342
95873844,0.43752828
95907556,0.3685986
95942495,0.4604546
96016945,0.38610414
96083218,0.41055655
96131268,0.4906041
96151095,0.3958977
96176950,0.51065516
96197691,0.40110925
96225247,0.47014397
96249591,0.52651155
96257179,0.33451557
96275671,0.575577
96297127,0.30642655
96319425,0.5552122
96345792,0.45457673
96438067,0.3188771
96439369,0.5095785
96458290,0.34363368
96496203,0.6327709
96541740,0.5068937
96557810,0.6309227
96626493,0.44310302
96651881,0.39817956
96661157,0.4090924
96666345,0.46326724
96814440,0.30676928
96821552,0.3232326
96824387,0.45742977
96833464,0.37988144
96866054,0.4750527
96889493,0.4131241
96915451,0.40997052
96934809,0.34877902
96955120,0.5859042
96975786,0.68016124
96998453,0.37994885
97047880,0.49486122
97068969,0.5714708
97076546,0.55743843
97084564,0.46649918
97169970,0.3385525
97221648,0.46348098
97262944,0.46534434
97359689,0.52399266
97376938,0.4119257
97502266,0.4219744
97513780,0.38430345
97517538,0.33246142
97534328,0.5580522
97542198,0.5141327
97567417,0.4910581
97586387,0.3314273
97645998,0.5010916
97666258,0.38833767
97687262,0.29775795
97715009,0.3871728
97811444,0.44344306
97837122,0.3737242
97869349,0.34483954
97872286,0.54717445
97913958,0.64228594
97921609,0.5193913
97938106,0.57703227
97986854,0.77295
97993598,0.3304325
98047150,0.6312498
98137482,0.2967416
98143403,0.39002618
98146967,0.40826428
98151823,0.5149284
98215373,0.46808222
98273636,0.40166318
98276580,0.42738488
98282423,0.58030915
98313092,0.40633786
98362353,0.30971068
98373084,0.6599941
98404918,0.5260082
98434538,0.33796453
98446132,0.3504703
98455054,0.3015024
98465384,0.30765226
98513618,0.42072794
98602458,0.5469305
98605442,0.49130976
98687107,0.49868384
98704281,0.31487978
98751596,0.35969803
98762469,0.49556118
98767924,0.28663653
98860154,0.30807012
98882512,0.32433394
98891307,0.32635573
98963859,0.3587494
98991212,0.35847944
98995299,0.39112863
99014776,0.81176585
99074250,0.3579438
99094186,0.46656308
99141554,0.45692497
99149408,0.28580964
99165645,0.44412893
99194934,0.44523817
99220694,0.47335133
99225265,0.40999535
99266697,0.41290998
99305752,0.27572265
99331069,0.46641478
99418967,0.36149102
99544631,0.38818398
99613276,0.37511244
99623433,0.616074
99643686,0.39209712
99652208,0.4264191
99713467,0.3402296
99729098,0.3999886
99751100,0.33942297
99785861,0.50906104
99804009,0.33770582
99836889,0.36440685
99849278,0.60980767
99888537,0.31593487
99918216,0.3407629
99938948,0.32475486
99953525,0.3998879
99985917,0.47713962
99991245,0.5548254
